{
"meta":{"test_sets":[],"test_metrics":[],"learn_metrics":[{"best_value":"Min","name":"RMSE"}],"launch_mode":"Train","parameters":"","iteration_count":100,"learn_sets":["learn"],"name":"experiment"},
"iterations":[
{"learn":[0.4499286424],"iteration":0,"passed_time":0.006683630614,"remaining_time":0.6616794308},
{"learn":[0.4161137509],"iteration":1,"passed_time":0.01198893748,"remaining_time":0.5874579367},
{"learn":[0.3859906507],"iteration":2,"passed_time":0.01768486103,"remaining_time":0.5718105065},
{"learn":[0.3599284676],"iteration":3,"passed_time":0.02338521979,"remaining_time":0.561245275},
{"learn":[0.3359543151],"iteration":4,"passed_time":0.02874610733,"remaining_time":0.5461760392},
{"learn":[0.3156980494],"iteration":5,"passed_time":0.03448907978,"remaining_time":0.5403289166},
{"learn":[0.2979503157],"iteration":6,"passed_time":0.03999236956,"remaining_time":0.5313271956},
{"learn":[0.2817322201],"iteration":7,"passed_time":0.0465765102,"remaining_time":0.5356298673},
{"learn":[0.2672761675],"iteration":8,"passed_time":0.05223404933,"remaining_time":0.5281442766},
{"learn":[0.2534756929],"iteration":9,"passed_time":0.05776099941,"remaining_time":0.5198489947},
{"learn":[0.2421341144],"iteration":10,"passed_time":0.06346947763,"remaining_time":0.5135257736},
{"learn":[0.2321741094],"iteration":11,"passed_time":0.07061917207,"remaining_time":0.5178739285},
{"learn":[0.2227171161],"iteration":12,"passed_time":0.07693159636,"remaining_time":0.5148499141},
{"learn":[0.2144814848],"iteration":13,"passed_time":0.08298124298,"remaining_time":0.5097419211},
{"learn":[0.2068253196],"iteration":14,"passed_time":0.08773595959,"remaining_time":0.4971704377},
{"learn":[0.1994594485],"iteration":15,"passed_time":0.09325126893,"remaining_time":0.4895691619},
{"learn":[0.1943245776],"iteration":16,"passed_time":0.09921488052,"remaining_time":0.4844020637},
{"learn":[0.1887551294],"iteration":17,"passed_time":0.1062354738,"remaining_time":0.483961603},
{"learn":[0.183796859],"iteration":18,"passed_time":0.1120161281,"remaining_time":0.4775424408},
{"learn":[0.179163191],"iteration":19,"passed_time":0.117537937,"remaining_time":0.4701517482},
{"learn":[0.1755296082],"iteration":20,"passed_time":0.1229544544,"remaining_time":0.4625429477},
{"learn":[0.1719732261],"iteration":21,"passed_time":0.1294343002,"remaining_time":0.4589034279},
{"learn":[0.1680966636],"iteration":22,"passed_time":0.1348242427,"remaining_time":0.4513681167},
{"learn":[0.1651224443],"iteration":23,"passed_time":0.1401480191,"remaining_time":0.4438020604},
{"learn":[0.1618990523],"iteration":24,"passed_time":0.1459786493,"remaining_time":0.4379359478},
{"learn":[0.159929546],"iteration":25,"passed_time":0.1515425281,"remaining_time":0.4313133493},
{"learn":[0.1566921055],"iteration":26,"passed_time":0.1566027742,"remaining_time":0.4234075007},
{"learn":[0.1547145371],"iteration":27,"passed_time":0.162349799,"remaining_time":0.4174709116},
{"learn":[0.1534954138],"iteration":28,"passed_time":0.1674243693,"remaining_time":0.409901042},
{"learn":[0.1513155211],"iteration":29,"passed_time":0.1740617131,"remaining_time":0.4061439973},
{"learn":[0.149254743],"iteration":30,"passed_time":0.1800305837,"remaining_time":0.4007132347},
{"learn":[0.1470033033],"iteration":31,"passed_time":0.1856211012,"remaining_time":0.39444484},
{"learn":[0.1453686037],"iteration":32,"passed_time":0.1923608153,"remaining_time":0.3905507462},
{"learn":[0.1425735374],"iteration":33,"passed_time":0.1983377317,"remaining_time":0.3850085381},
{"learn":[0.1404818183],"iteration":34,"passed_time":0.204730143,"remaining_time":0.3802131228},
{"learn":[0.139060805],"iteration":35,"passed_time":0.2101611637,"remaining_time":0.3736198466},
{"learn":[0.1369523473],"iteration":36,"passed_time":0.2177257852,"remaining_time":0.3707222829},
{"learn":[0.1349199694],"iteration":37,"passed_time":0.2230914128,"remaining_time":0.3639912524},
{"learn":[0.132770633],"iteration":38,"passed_time":0.2287091627,"remaining_time":0.3577245878},
{"learn":[0.1319400757],"iteration":39,"passed_time":0.2340040793,"remaining_time":0.351006119},
{"learn":[0.1309822249],"iteration":40,"passed_time":0.2397072221,"remaining_time":0.3449445391},
{"learn":[0.1294111361],"iteration":41,"passed_time":0.2476651263,"remaining_time":0.3420137459},
{"learn":[0.1277316424],"iteration":42,"passed_time":0.2533575534,"remaining_time":0.3358460591},
{"learn":[0.1262478934],"iteration":43,"passed_time":0.2587314881,"remaining_time":0.3292946213},
{"learn":[0.1248270329],"iteration":44,"passed_time":0.2649554693,"remaining_time":0.3238344625},
{"learn":[0.1235373209],"iteration":45,"passed_time":0.2708621141,"remaining_time":0.3179685687},
{"learn":[0.1225716506],"iteration":46,"passed_time":0.2769176127,"remaining_time":0.3122687973},
{"learn":[0.1216061236],"iteration":47,"passed_time":0.282589237,"remaining_time":0.3061383401},
{"learn":[0.1198638727],"iteration":48,"passed_time":0.2880444544,"remaining_time":0.2998013709},
{"learn":[0.1186103934],"iteration":49,"passed_time":0.2933782881,"remaining_time":0.2933782881},
{"learn":[0.1174992982],"iteration":50,"passed_time":0.2989224175,"remaining_time":0.2871999697},
{"learn":[0.1169041943],"iteration":51,"passed_time":0.3052743006,"remaining_time":0.2817916621},
{"learn":[0.1156421441],"iteration":52,"passed_time":0.3109539335,"remaining_time":0.2757516014},
{"learn":[0.1150764024],"iteration":53,"passed_time":0.3166283633,"remaining_time":0.2697204576},
{"learn":[0.11448686],"iteration":54,"passed_time":0.3224342634,"remaining_time":0.2638098518},
{"learn":[0.1136008422],"iteration":55,"passed_time":0.3283588173,"remaining_time":0.2579962136},
{"learn":[0.1129134028],"iteration":56,"passed_time":0.3337531044,"remaining_time":0.2517786577},
{"learn":[0.1119708355],"iteration":57,"passed_time":0.3388795369,"remaining_time":0.2453955267},
{"learn":[0.1113086233],"iteration":58,"passed_time":0.345564746,"remaining_time":0.2401382133},
{"learn":[0.1104015897],"iteration":59,"passed_time":0.3511688594,"remaining_time":0.2341125729},
{"learn":[0.109994703],"iteration":60,"passed_time":0.3570993828,"remaining_time":0.2283094414},
{"learn":[0.108998993],"iteration":61,"passed_time":0.3630656369,"remaining_time":0.2225241},
{"learn":[0.1088611596],"iteration":62,"passed_time":0.3709790562,"remaining_time":0.2178765886},
{"learn":[0.1083536478],"iteration":63,"passed_time":0.3771548335,"remaining_time":0.2121495938},
{"learn":[0.1079328446],"iteration":64,"passed_time":0.382956692,"remaining_time":0.2062074496},
{"learn":[0.1072762526],"iteration":65,"passed_time":0.3896332929,"remaining_time":0.2007201812},
{"learn":[0.1067650955],"iteration":66,"passed_time":0.3957449937,"remaining_time":0.194919176},
{"learn":[0.1059097466],"iteration":67,"passed_time":0.4012762599,"remaining_time":0.188835887},
{"learn":[0.1050625028],"iteration":68,"passed_time":0.4070896926,"remaining_time":0.1828953692},
{"learn":[0.1047197428],"iteration":69,"passed_time":0.4138642116,"remaining_time":0.1773703764},
{"learn":[0.1041272326],"iteration":70,"passed_time":0.4212197123,"remaining_time":0.1720474881},
{"learn":[0.1027139231],"iteration":71,"passed_time":0.4270682906,"remaining_time":0.166082113},
{"learn":[0.1024568478],"iteration":72,"passed_time":0.4324021053,"remaining_time":0.1599295458},
{"learn":[0.101041159],"iteration":73,"passed_time":0.4379996748,"remaining_time":0.1538917776},
{"learn":[0.09982395461],"iteration":74,"passed_time":0.4433461832,"remaining_time":0.1477820611},
{"learn":[0.0984287315],"iteration":75,"passed_time":0.4492459313,"remaining_time":0.1418671362},
{"learn":[0.09758990747],"iteration":76,"passed_time":0.4547161105,"remaining_time":0.1358242928},
{"learn":[0.09725019053],"iteration":77,"passed_time":0.4600449909,"remaining_time":0.1297562795},
{"learn":[0.09567601208],"iteration":78,"passed_time":0.4661673743,"remaining_time":0.1239179096},
{"learn":[0.09414755243],"iteration":79,"passed_time":0.4720890268,"remaining_time":0.1180222567},
{"learn":[0.09253838511],"iteration":80,"passed_time":0.4779023074,"remaining_time":0.1121005412},
{"learn":[0.09161297013],"iteration":81,"passed_time":0.4831222177,"remaining_time":0.1060512185},
{"learn":[0.09061856943],"iteration":82,"passed_time":0.4884616011,"remaining_time":0.100046352},
{"learn":[0.09005913935],"iteration":83,"passed_time":0.4937246479,"remaining_time":0.09404279008},
{"learn":[0.08907633338],"iteration":84,"passed_time":0.4991488365,"remaining_time":0.08808508879},
{"learn":[0.08835273864],"iteration":85,"passed_time":0.5044994219,"remaining_time":0.08212781287},
{"learn":[0.0874808143],"iteration":86,"passed_time":0.5105364431,"remaining_time":0.07628705472},
{"learn":[0.08700964441],"iteration":87,"passed_time":0.5169922539,"remaining_time":0.07049894371},
{"learn":[0.08652217452],"iteration":88,"passed_time":0.5235488838,"remaining_time":0.064708289},
{"learn":[0.08580209649],"iteration":89,"passed_time":0.5292973108,"remaining_time":0.05881081231},
{"learn":[0.08460995464],"iteration":90,"passed_time":0.5352293548,"remaining_time":0.05293477135},
{"learn":[0.08371938168],"iteration":91,"passed_time":0.54313951,"remaining_time":0.04722952261},
{"learn":[0.08279501269],"iteration":92,"passed_time":0.549113879,"remaining_time":0.04133115219},
{"learn":[0.08188234015],"iteration":93,"passed_time":0.5551099622,"remaining_time":0.03543255078},
{"learn":[0.08133676371],"iteration":94,"passed_time":0.5618968862,"remaining_time":0.02957352032},
{"learn":[0.08093093951],"iteration":95,"passed_time":0.5676801052,"remaining_time":0.02365333772},
{"learn":[0.0806667294],"iteration":96,"passed_time":0.5732341968,"remaining_time":0.01772889268},
{"learn":[0.07962488138],"iteration":97,"passed_time":0.579266832,"remaining_time":0.01182177208},
{"learn":[0.07901625844],"iteration":98,"passed_time":0.5860974481,"remaining_time":0.005920176244},
{"learn":[0.0782798103],"iteration":99,"passed_time":0.5922856746,"remaining_time":0}
]}